{
  "metrics": {
    "accuracy": 0.5,
    "precision": 0.5,
    "recall": 1.0,
    "f1": 0.6666666666666666
  },
  "confusion_matrix": [
    [
      0,
      1
    ],
    [
      0,
      1
    ]
  ],
  "feature_importance": {
    "hour_of_day": 0.046608796296296294,
    "day_of_week": 0.0,
    "traffic_level": 0.16451388888888893,
    "temperature": 0.11245618386243388,
    "humidity": 0.13806547619047618,
    "battery_level": 0.5383556547619047
  },
  "training_date": "2025-04-12T08:02:49.168202"
}